workload,variant,structure,n,time_ms,steps,moves,comparisons
W1,-,DynamicArray,100,0,818,10000,0,0
W1,-,MyLinkedList,100,1,400,511508,0,0
W2,-,DynamicArray,100,0,362,95050,0,95050
W2,-,MyLinkedList,100,0,328,95050,0,95050
W3,head,DynamicArray,100,3,595,1202120,1201120,0
W3,head,MyLinkedList,100,0,110,1000,4000,0
W3,middle,DynamicArray,100,0,182,1102120,1101120,0
W3,middle,MyLinkedList,100,0,253,101000,4000,0
W4,-,MinHeap,100,0,093,3652,1414,1069
W1,-,DynamicArray,1000,0,167,10000,0,0
W1,-,MyLinkedList,1000,7,761,5015208,0,0
W2,-,DynamicArray,1000,0,681,625250,0,625250
W2,-,MyLinkedList,1000,1,630,625250,0,625250
W3,head,DynamicArray,1000,0,452,3002280,3001280,0
W3,head,MyLinkedList,1000,0,140,1000,4000,0
W3,middle,DynamicArray,1000,0,278,2002280,2001280,0
W3,middle,MyLinkedList,1000,1,676,1001000,4000,0
W4,-,MinHeap,1000,0,256,56274,20630,17322
W1,-,DynamicArray,10000,0,321,10000,0,0
W1,-,MyLinkedList,10000,85,770,50139208,0,0
W2,-,DynamicArray,10000,3,181,5125250,0,5125250
W2,-,MyLinkedList,10000,12,211,5125250,0,5125250
W3,head,DynamicArray,10000,1,544,21011240,21010240,0
W3,head,MyLinkedList,10000,0,233,1000,4000,0
W3,middle,DynamicArray,10000,0,856,11011240,11010240,0
W3,middle,MyLinkedList,10000,16,739,10001000,4000,0
W4,-,MinHeap,10000,2,041,757778,269210,239284
W1,-,DynamicArray,100000,1,704,10000,0,0
W1,-,MyLinkedList,100000,1507,083,502499208,0,0
W2,-,DynamicArray,100000,40,916,50125250,0,50125250
W2,-,MyLinkedList,100000,110,029,50125250,0,50125250
W3,head,DynamicArray,100000,18,393,201001000,201000000,0
W3,head,MyLinkedList,100000,1,263,1000,4000,0
W3,middle,DynamicArray,100000,9,305,101001000,101000000,0
W3,middle,MyLinkedList,100000,275,158,100001000,4000,0
W4,-,MinHeap,100000,23,724,9639950,3421384,3059283
